{
   "dashboards": [{
      "autoswitchEnabled": false,
      "columnCount": 1,
      "columnProportion": "1-1",
      "creationTime": 1636806636686,
      "dashboardNavigations": {},
      "description": "",
      "disabled": false,
      "gridsterMaxColumns": 12,
      "hidden": false,
      "homeTab": false,
      "id": "d52b7f30-d49e-4c07-9dd7-c9c7fdc5f2ac",
      "importAttempts": 0,
      "importComplete": true,
      "lastUpdateTime": 1636896407452,
      "lastUpdateUserId": "287ed085-c6ca-4255-b69c-956f1665ed51",
      "locked": false,
      "name": "MSSQL via Telegraf",
      "rank": 0,
      "shared": false,
      "states": [{
         "key": "permDashboardTime_dashboard_d52b7f30-d49e-4c07-9dd7-c9c7fdc5f2ac",
         "value": "o%3AdateRange%3Ds%253Alast24Hour%5EdateRangeText%3Ds%253A24H"
      }],
      "temporary": false,
      "userId": "287ed085-c6ca-4255-b69c-956f1665ed51",
      "widgetInteractions": [
         {
            "type": "resourceId",
            "widgetIdProvider": "f087154f-80a9-4bea-ba7a-f83a065a62d4",
            "widgetIdReceiver": "ce31f58d-7eaf-403d-9fef-524953fa4570"
         },
         {
            "type": "resourceId",
            "widgetIdProvider": "f087154f-80a9-4bea-ba7a-f83a065a62d4",
            "widgetIdReceiver": "8f44ca0b-8401-4dd3-a417-fcebf7d73340"
         },
         {
            "type": "resourceId",
            "widgetIdProvider": "f087154f-80a9-4bea-ba7a-f83a065a62d4",
            "widgetIdReceiver": "b72756eb-eeeb-4dbb-829a-5f31f4e1a252"
         },
         {
            "type": "resourceId",
            "widgetIdProvider": "f087154f-80a9-4bea-ba7a-f83a065a62d4",
            "widgetIdReceiver": "707db7fc-b05e-4caf-b399-79c819b39e13"
         },
         {
            "type": "resourceId",
            "widgetIdProvider": "f087154f-80a9-4bea-ba7a-f83a065a62d4",
            "widgetIdReceiver": "c5f7bc6d-69c8-4a90-8244-8593b13c184b"
         },
         {
            "type": "resourceId",
            "widgetIdProvider": "f087154f-80a9-4bea-ba7a-f83a065a62d4",
            "widgetIdReceiver": "c40ffa81-c134-4e36-94f6-38c3f497761f"
         },
         {
            "type": "resourceId",
            "widgetIdProvider": "f087154f-80a9-4bea-ba7a-f83a065a62d4",
            "widgetIdReceiver": "452a3311-98a0-4c45-8667-24579971dc30"
         },
         {
            "type": "resourceId",
            "widgetIdProvider": "f087154f-80a9-4bea-ba7a-f83a065a62d4",
            "widgetIdReceiver": "28e6536f-28fb-4ddb-851a-a1fbb2656814"
         },
         {
            "type": "resourceId",
            "widgetIdProvider": "f087154f-80a9-4bea-ba7a-f83a065a62d4",
            "widgetIdReceiver": "0bc1d032-c4bc-446b-aba1-ca4bccdc71ee"
         },
         {
            "type": "resourceId",
            "widgetIdProvider": "f087154f-80a9-4bea-ba7a-f83a065a62d4",
            "widgetIdReceiver": "30a6baf0-0aea-4d62-a5bf-ecd27baa8293"
         }
      ],
      "widgets": [
         {
            "collapsed": false,
            "config": {
               "customFilter": {
                  "excludedResources": null,
                  "filter": [],
                  "includedResources": null
               },
               "depth": "2,2",
               "filterMode": "tagPicker",
               "refreshContent": {"refreshContent": true},
               "refreshInterval": 300,
               "resourceId": null,
               "resourceName": null,
               "selfProvider": {"selfProvider": false},
               "tagFilter": null,
               "title": "Advanced Object Relationship (for selected Instance)",
               "traversalSpecId": ""
            },
            "gridsterCoords": {
               "h": 5,
               "w": 6,
               "x": 7,
               "y": 13
            },
            "height": 266,
            "id": "ce31f58d-7eaf-403d-9fef-524953fa4570",
            "states": [{
               "key": "perm_ResourceRelationshipTree_widget_d52b7f30-d49e-4c07-9dd7-c9c7fdc5f2ac_ce31f58d-7eaf-403d-9fef-524953fa4570",
               "value": "o%3A"
            }],
            "title": "Advanced Object Relationship (for selected Instance)",
            "type": "ResourceRelationshipAdvanced"
         },
         {
            "collapsed": false,
            "config": {
               "boxColumns": 3,
               "boxHeight": null,
               "customFilter": {
                  "excludedResources": null,
                  "filter": [],
                  "includedResources": null
               },
               "depth": 1,
               "labelSize": 16,
               "maxCellCount": 100,
               "metric": {
                  "mode": "resourceKind",
                  "resourceKindMetrics": [
                     {
                        "colorMethod": 0,
                        "handleOldColoring": false,
                        "id": "extModel4304-1",
                        "isStringMetric": false,
                        "label": "External-Process CPU Usage",
                        "link": "",
                        "metricKey": "cpu:External-process|CPU",
                        "metricName": "CPU:External-process|CPU Usage",
                        "metricUnitId": -1,
                        "orangeBound": 10,
                        "redBound": 20,
                        "resourceKindId": "resourceKind:id:0_::_",
                        "resourceKindName": "Microsoft SQL Server",
                        "unit": "Auto",
                        "yellowBound": 5
                     },
                     {
                        "colorMethod": 1,
                        "handleOldColoring": false,
                        "id": "extModel4304-3",
                        "isStringMetric": false,
                        "label": "SystemIdle CPU Usage",
                        "link": "",
                        "metricKey": "cpu:SystemIdle|CPU",
                        "metricName": "CPU:SystemIdle|CPU Usage",
                        "metricUnitId": -1,
                        "orangeBound": null,
                        "redBound": null,
                        "resourceKindId": "resourceKind:id:0_::_",
                        "resourceKindName": "Microsoft SQL Server",
                        "unit": "Auto",
                        "yellowBound": null
                     },
                     {
                        "colorMethod": 1,
                        "handleOldColoring": false,
                        "id": "extModel4304-2",
                        "isStringMetric": false,
                        "label": "SQL-Process CPU Usage",
                        "link": "",
                        "metricKey": "cpu:SQL-process|CPU",
                        "metricName": "CPU:SQL-process|CPU Usage",
                        "metricUnitId": -1,
                        "orangeBound": null,
                        "redBound": null,
                        "resourceKindId": "resourceKind:id:0_::_",
                        "resourceKindName": "Microsoft SQL Server",
                        "unit": "Auto",
                        "yellowBound": null
                     },
                     {
                        "colorMethod": 1,
                        "handleOldColoring": false,
                        "id": "extModel5135-1",
                        "isStringMetric": false,
                        "label": "",
                        "link": "",
                        "metricKey": "performance|memoryManager|Connection-Memory--KB",
                        "metricName": "Performance|Memory Manager|Connection Memory",
                        "metricUnitId": "mb",
                        "orangeBound": null,
                        "redBound": null,
                        "resourceKindId": "resourceKind:id:0_::_",
                        "resourceKindName": "Microsoft SQL Server",
                        "unit": "MB",
                        "yellowBound": null
                     },
                     {
                        "colorMethod": 0,
                        "handleOldColoring": false,
                        "id": "extModel5135-2",
                        "isStringMetric": false,
                        "label": "",
                        "link": "",
                        "metricKey": "performance|memoryManager|Log-Pool-Memory--KB",
                        "metricName": "Performance|Memory Manager|Log Pool Memory",
                        "metricUnitId": "mb",
                        "orangeBound": 2.5,
                        "redBound": 3,
                        "resourceKindId": "resourceKind:id:0_::_",
                        "resourceKindName": "Microsoft SQL Server",
                        "unit": "MB",
                        "yellowBound": 1
                     },
                     {
                        "colorMethod": 1,
                        "handleOldColoring": false,
                        "id": "extModel5135-3",
                        "isStringMetric": false,
                        "label": "",
                        "link": "",
                        "metricKey": "performance|memoryManager|SQL-Cache-Memory--KB",
                        "metricName": "Performance|Memory Manager|SQL Cache Memory",
                        "metricUnitId": "mb",
                        "orangeBound": null,
                        "redBound": null,
                        "resourceKindId": "resourceKind:id:0_::_",
                        "resourceKindName": "Microsoft SQL Server",
                        "unit": "MB",
                        "yellowBound": null
                     },
                     {
                        "colorMethod": 1,
                        "handleOldColoring": false,
                        "id": "extModel5135-4",
                        "isStringMetric": false,
                        "label": "",
                        "link": "",
                        "metricKey": "performance|memoryManager|Lock-Memory--KB",
                        "metricName": "Performance|Memory Manager|Lock Memory",
                        "metricUnitId": "mb",
                        "orangeBound": null,
                        "redBound": null,
                        "resourceKindId": "resourceKind:id:0_::_",
                        "resourceKindName": "Microsoft SQL Server",
                        "unit": "MB",
                        "yellowBound": null
                     },
                     {
                        "colorMethod": 1,
                        "handleOldColoring": false,
                        "id": "extModel5135-5",
                        "isStringMetric": false,
                        "label": "",
                        "link": "",
                        "metricKey": "performance|memoryManager|Target-Server-Memory--KB",
                        "metricName": "Performance|Memory Manager|Target Server Memory",
                        "metricUnitId": "gb",
                        "orangeBound": null,
                        "redBound": null,
                        "resourceKindId": "resourceKind:id:0_::_",
                        "resourceKindName": "Microsoft SQL Server",
                        "unit": "GB",
                        "yellowBound": null
                     },
                     {
                        "colorMethod": 0,
                        "handleOldColoring": false,
                        "id": "extModel5135-6",
                        "isStringMetric": false,
                        "label": "",
                        "link": "",
                        "metricKey": "performance|memoryManager|Total-Server-Memory--KB",
                        "metricName": "Performance|Memory Manager|Total Server Memory",
                        "metricUnitId": "gb",
                        "orangeBound": 0.4,
                        "redBound": 0.5,
                        "resourceKindId": "resourceKind:id:0_::_",
                        "resourceKindName": "Microsoft SQL Server",
                        "unit": "GB",
                        "yellowBound": 0.3
                     }
                  ],
                  "resourceMetrics": [],
                  "subMode": "resourceKindAll"
               },
               "mode": {"layoutMode": "fixedView"},
               "oldMetricValues": false,
               "periodLength": "dashboardTime",
               "refreshContent": {"refreshContent": true},
               "refreshInterval": 300,
               "relationshipMode": {"relationshipMode": 0},
               "resInteractionMode": null,
               "resource": [],
               "roundDecimals": 1,
               "selfProvider": {"selfProvider": false},
               "showDT": {"showDT": false},
               "showMetricName": {"showMetricName": true},
               "showMetricUnit": {"showMetricUnit": true},
               "showResourceName": {"showResourceName": false},
               "showSparkline": {"showSparkline": true},
               "title": "CPU and Memory (for selected Instance)",
               "valueSize": 24,
               "visualTheme": 6
            },
            "gridsterCoords": {
               "h": 6,
               "w": 4,
               "x": 9,
               "y": 1
            },
            "height": 324,
            "id": "8f44ca0b-8401-4dd3-a417-fcebf7d73340",
            "states": [{
               "key": "perm_toolbarVisible_widget_d52b7f30-d49e-4c07-9dd7-c9c7fdc5f2ac_8f44ca0b-8401-4dd3-a417-fcebf7d73340",
               "value": "b%3A1"
            }],
            "title": "CPU and Memory (for selected Instance)",
            "type": "Scoreboard"
         },
         {
            "collapsed": false,
            "config": {
               "boxColumns": 4,
               "boxHeight": null,
               "customFilter": {
                  "excludedResources": null,
                  "filter": [],
                  "includedResources": null
               },
               "depth": 1,
               "labelSize": 16,
               "maxCellCount": 100,
               "metric": {
                  "mode": "resourceKind",
                  "resourceKindMetrics": [
                     {
                        "colorMethod": 2,
                        "handleOldColoring": false,
                        "id": "extModel6709-1",
                        "isStringMetric": false,
                        "label": "",
                        "link": "",
                        "metricKey": "databaseio|Rows-reads--bytes-sec",
                        "metricName": "Database IO|Rows Reads Bytes/Sec",
                        "metricUnitId": null,
                        "orangeBound": null,
                        "redBound": null,
                        "resourceKindId": "resourceKind:id:0_::_",
                        "resourceKindName": "Microsoft SQL Server",
                        "unit": "",
                        "yellowBound": null
                     },
                     {
                        "colorMethod": 2,
                        "handleOldColoring": false,
                        "id": "extModel6709-2",
                        "isStringMetric": false,
                        "label": "",
                        "link": "",
                        "metricKey": "databaseio|Rows--reads-sec",
                        "metricName": "Database IO|Rows Reads/Sec",
                        "metricUnitId": null,
                        "orangeBound": null,
                        "redBound": null,
                        "resourceKindId": "resourceKind:id:0_::_",
                        "resourceKindName": "Microsoft SQL Server",
                        "unit": "",
                        "yellowBound": null
                     },
                     {
                        "colorMethod": 2,
                        "handleOldColoring": false,
                        "id": "extModel6709-3",
                        "isStringMetric": false,
                        "label": "",
                        "link": "",
                        "metricKey": "databaseio|Rows-writes--bytes-sec",
                        "metricName": "Database IO|Rows Writes Bytes/Sec",
                        "metricUnitId": null,
                        "orangeBound": null,
                        "redBound": null,
                        "resourceKindId": "resourceKind:id:0_::_",
                        "resourceKindName": "Microsoft SQL Server",
                        "unit": "",
                        "yellowBound": null
                     },
                     {
                        "colorMethod": 2,
                        "handleOldColoring": false,
                        "id": "extModel6709-4",
                        "isStringMetric": false,
                        "label": "",
                        "link": "",
                        "metricKey": "databaseio|Rows--writes-sec",
                        "metricName": "Database IO|Rows Writes/Sec",
                        "metricUnitId": null,
                        "orangeBound": null,
                        "redBound": null,
                        "resourceKindId": "resourceKind:id:0_::_",
                        "resourceKindName": "Microsoft SQL Server",
                        "unit": "",
                        "yellowBound": null
                     }
                  ],
                  "resourceMetrics": [],
                  "subMode": "resourceKindAll"
               },
               "mode": {"layoutMode": "fixedView"},
               "oldMetricValues": false,
               "periodLength": "dashboardTime",
               "refreshContent": {"refreshContent": true},
               "refreshInterval": 300,
               "relationshipMode": {"relationshipMode": 0},
               "resInteractionMode": null,
               "resource": [],
               "roundDecimals": null,
               "selfProvider": {"selfProvider": false},
               "showDT": {"showDT": false},
               "showMetricName": {"showMetricName": true},
               "showMetricUnit": {"showMetricUnit": true},
               "showResourceName": {"showResourceName": false},
               "showSparkline": {"showSparkline": true},
               "title": "Database IO Scoreboard (for selected Instance)",
               "valueSize": 24,
               "visualTheme": 6
            },
            "gridsterCoords": {
               "h": 3,
               "w": 4,
               "x": 9,
               "y": 7
            },
            "height": 152,
            "id": "b72756eb-eeeb-4dbb-829a-5f31f4e1a252",
            "title": "Database IO Scoreboard (for selected Instance)",
            "type": "Scoreboard"
         },
         {
            "collapsed": false,
            "config": {
               "boxColumns": 4,
               "boxHeight": null,
               "customFilter": {
                  "excludedResources": null,
                  "filter": [],
                  "includedResources": null
               },
               "depth": 1,
               "labelSize": 16,
               "maxCellCount": 100,
               "metric": {
                  "mode": "resourceKind",
                  "resourceKindMetrics": [
                     {
                        "colorMethod": 2,
                        "handleOldColoring": false,
                        "id": "extModel8198-1",
                        "isStringMetric": false,
                        "label": "",
                        "link": "",
                        "metricKey": "performance|bufferManager|Buffer-cache-hit-ratio---",
                        "metricName": "Performance|Buffer Manager|Buffer cache hit ratio",
                        "metricUnitId": -1,
                        "orangeBound": null,
                        "redBound": null,
                        "resourceKindId": "resourceKind:id:0_::_",
                        "resourceKindName": "Microsoft SQL Server",
                        "unit": "Auto",
                        "yellowBound": null
                     },
                     {
                        "colorMethod": 2,
                        "handleOldColoring": false,
                        "id": "extModel8198-2",
                        "isStringMetric": false,
                        "label": "",
                        "link": "",
                        "metricKey": "performance|bufferManager|Checkpoint-pages-sec",
                        "metricName": "Performance|Buffer Manager|Checkpoint Pages/sec",
                        "metricUnitId": null,
                        "orangeBound": null,
                        "redBound": null,
                        "resourceKindId": "resourceKind:id:0_::_",
                        "resourceKindName": "Microsoft SQL Server",
                        "unit": "",
                        "yellowBound": null
                     },
                     {
                        "colorMethod": 2,
                        "handleOldColoring": false,
                        "id": "extModel8198-3",
                        "isStringMetric": false,
                        "label": "",
                        "link": "",
                        "metricKey": "performance|bufferManager|Lazy-writes-sec",
                        "metricName": "Performance|Buffer Manager|Lazy writes per second",
                        "metricUnitId": null,
                        "orangeBound": null,
                        "redBound": null,
                        "resourceKindId": "resourceKind:id:0_::_",
                        "resourceKindName": "Microsoft SQL Server",
                        "unit": "",
                        "yellowBound": null
                     },
                     {
                        "colorMethod": 2,
                        "handleOldColoring": false,
                        "id": "extModel8198-4",
                        "isStringMetric": false,
                        "label": "",
                        "link": "",
                        "metricKey": "performance|bufferManager|Page-life-expectancy",
                        "metricName": "Performance|Buffer Manager|Page life expectancy",
                        "metricUnitId": "hr",
                        "orangeBound": null,
                        "redBound": null,
                        "resourceKindId": "resourceKind:id:0_::_",
                        "resourceKindName": "Microsoft SQL Server",
                        "unit": "Hour(s)",
                        "yellowBound": null
                     }
                  ],
                  "resourceMetrics": [],
                  "subMode": "resourceKindAll"
               },
               "mode": {"layoutMode": "fixedView"},
               "oldMetricValues": false,
               "periodLength": "dashboardTime",
               "refreshContent": {"refreshContent": true},
               "refreshInterval": 300,
               "relationshipMode": {"relationshipMode": 0},
               "resInteractionMode": null,
               "resource": [],
               "roundDecimals": 0,
               "selfProvider": {"selfProvider": false},
               "showDT": {"showDT": false},
               "showMetricName": {"showMetricName": true},
               "showMetricUnit": {"showMetricUnit": true},
               "showResourceName": {"showResourceName": false},
               "showSparkline": {"showSparkline": true},
               "title": "Buffer Manager Scoreboard (for selected Instance)",
               "valueSize": 24,
               "visualTheme": 6
            },
            "gridsterCoords": {
               "h": 3,
               "w": 4,
               "x": 1,
               "y": 10
            },
            "height": 152,
            "id": "707db7fc-b05e-4caf-b399-79c819b39e13",
            "title": "Buffer Manager Scoreboard (for selected Instance)",
            "type": "Scoreboard"
         },
         {
            "collapsed": false,
            "config": {
               "chartViewItems": [
                  "legend",
                  "labels",
                  "title"
               ],
               "isUpdatedView": true,
               "refreshContent": {"refreshContent": true},
               "refreshInterval": 300,
               "resource": {
                  "id": "Ext.vcops.chrome.model.Resource-1",
                  "resourceId": "resource:id:0_::_",
                  "resourceKindId": "002009ContainerEnvironment",
                  "resourceName": "MSSQL Server Instances - Telegraf",
                  "traversalSpecId": ""
               },
               "selectFirstRow": {"selectFirstRow": true},
               "selfProvider": {"selfProvider": true},
               "title": "MSSQL Server Instances",
               "traversalSpecId": null,
               "viewDefinitionId": "b79859b0-bdb9-42a6-8d0c-1abe5a21f87f"
            },
            "gridsterCoords": {
               "h": 6,
               "w": 4,
               "x": 1,
               "y": 1
            },
            "height": 324,
            "id": "f087154f-80a9-4bea-ba7a-f83a065a62d4",
            "title": "MSSQL Server Instances",
            "type": "View"
         },
         {
            "collapsed": false,
            "config": {
               "boxColumns": 4,
               "boxHeight": null,
               "customFilter": {
                  "excludedResources": null,
                  "filter": [],
                  "includedResources": null
               },
               "depth": 1,
               "labelSize": 16,
               "maxCellCount": 100,
               "metric": {
                  "mode": "resourceKind",
                  "resourceKindMetrics": [
                     {
                        "colorMethod": 2,
                        "handleOldColoring": false,
                        "id": "extModel3542-1",
                        "isStringMetric": false,
                        "label": "",
                        "link": "",
                        "metricKey": "performance|generalStatistics|Active-Temp-Tables",
                        "metricName": "Performance|General Statistics|Active temp Tables",
                        "metricUnitId": null,
                        "orangeBound": null,
                        "redBound": null,
                        "resourceKindId": "resourceKind:id:0_::_",
                        "resourceKindName": "Microsoft SQL Server",
                        "unit": "",
                        "yellowBound": null
                     },
                     {
                        "colorMethod": 2,
                        "handleOldColoring": false,
                        "id": "extModel3542-2",
                        "isStringMetric": false,
                        "label": "",
                        "link": "",
                        "metricKey": "performance|generalStatistics|Logins-sec",
                        "metricName": "Performance|General Statistics|Logins per second",
                        "metricUnitId": null,
                        "orangeBound": null,
                        "redBound": null,
                        "resourceKindId": "resourceKind:id:0_::_",
                        "resourceKindName": "Microsoft SQL Server",
                        "unit": "",
                        "yellowBound": null
                     },
                     {
                        "colorMethod": 2,
                        "handleOldColoring": false,
                        "id": "extModel3542-3",
                        "isStringMetric": false,
                        "label": "",
                        "link": "",
                        "metricKey": "performance|generalStatistics|Logouts-sec",
                        "metricName": "Performance|General Statistics|Logouts per second",
                        "metricUnitId": null,
                        "orangeBound": null,
                        "redBound": null,
                        "resourceKindId": "resourceKind:id:0_::_",
                        "resourceKindName": "Microsoft SQL Server",
                        "unit": "",
                        "yellowBound": null
                     },
                     {
                        "colorMethod": 2,
                        "handleOldColoring": false,
                        "id": "extModel3542-4",
                        "isStringMetric": false,
                        "label": "",
                        "link": "",
                        "metricKey": "performance|generalStatistics|User-Connections",
                        "metricName": "Performance|General Statistics|User Connections",
                        "metricUnitId": null,
                        "orangeBound": null,
                        "redBound": null,
                        "resourceKindId": "resourceKind:id:0_::_",
                        "resourceKindName": "Microsoft SQL Server",
                        "unit": "",
                        "yellowBound": null
                     }
                  ],
                  "resourceMetrics": [],
                  "subMode": "resourceKindAll"
               },
               "mode": {"layoutMode": "fixedView"},
               "oldMetricValues": false,
               "periodLength": "dashboardTime",
               "refreshContent": {"refreshContent": true},
               "refreshInterval": 300,
               "relationshipMode": {"relationshipMode": 0},
               "resInteractionMode": null,
               "resource": [],
               "roundDecimals": null,
               "selfProvider": {"selfProvider": false},
               "showDT": {"showDT": false},
               "showMetricName": {"showMetricName": true},
               "showMetricUnit": {"showMetricUnit": true},
               "showResourceName": {"showResourceName": false},
               "showSparkline": {"showSparkline": true},
               "title": "General Statistics (for selected Instance)",
               "valueSize": 24,
               "visualTheme": 6
            },
            "gridsterCoords": {
               "h": 3,
               "w": 4,
               "x": 1,
               "y": 7
            },
            "height": 153,
            "id": "c5f7bc6d-69c8-4a90-8244-8593b13c184b",
            "title": "General Statistics (for selected Instance)",
            "type": "Scoreboard"
         },
         {
            "collapsed": false,
            "config": {
               "boxColumns": 4,
               "boxHeight": null,
               "customFilter": {
                  "excludedResources": null,
                  "filter": [],
                  "includedResources": null
               },
               "depth": 1,
               "labelSize": 16,
               "maxCellCount": 100,
               "metric": {
                  "mode": "resourceKind",
                  "resourceKindMetrics": [
                     {
                        "colorMethod": 2,
                        "handleOldColoring": false,
                        "id": "extModel8081-1",
                        "isStringMetric": false,
                        "label": "",
                        "link": "",
                        "metricKey": "performance|databases|Active-Transactions",
                        "metricName": "Performance|Databases|Active Transactions",
                        "metricUnitId": null,
                        "orangeBound": null,
                        "redBound": null,
                        "resourceKindId": "resourceKind:id:0_::_",
                        "resourceKindName": "Microsoft SQL Server",
                        "unit": "",
                        "yellowBound": null
                     },
                     {
                        "colorMethod": 2,
                        "handleOldColoring": false,
                        "id": "extModel8081-2",
                        "isStringMetric": false,
                        "label": "",
                        "link": "",
                        "metricKey": "performance|databases|XTP-Memory-Used--KB",
                        "metricName": "Performance|Databases|XTP Memory Used",
                        "metricUnitId": -1,
                        "orangeBound": null,
                        "redBound": null,
                        "resourceKindId": "resourceKind:id:0_::_",
                        "resourceKindName": "Microsoft SQL Server",
                        "unit": "Auto",
                        "yellowBound": null
                     },
                     {
                        "colorMethod": 2,
                        "handleOldColoring": false,
                        "id": "extModel8081-3",
                        "isStringMetric": false,
                        "label": "",
                        "link": "",
                        "metricKey": "performance|databases|Transactions-sec",
                        "metricName": "Performance|Databases|Transactions per second",
                        "metricUnitId": null,
                        "orangeBound": null,
                        "redBound": null,
                        "resourceKindId": "resourceKind:id:0_::_",
                        "resourceKindName": "Microsoft SQL Server",
                        "unit": "",
                        "yellowBound": null
                     },
                     {
                        "colorMethod": 2,
                        "handleOldColoring": false,
                        "id": "extModel8081-4",
                        "isStringMetric": false,
                        "label": "",
                        "link": "",
                        "metricKey": "performance|databases|Write-Transactions-sec",
                        "metricName": "Performance|Databases|Write Transactions per second",
                        "metricUnitId": null,
                        "orangeBound": null,
                        "redBound": null,
                        "resourceKindId": "resourceKind:id:0_::_",
                        "resourceKindName": "Microsoft SQL Server",
                        "unit": "",
                        "yellowBound": null
                     }
                  ],
                  "resourceMetrics": [],
                  "subMode": "resourceKindAll"
               },
               "mode": {"layoutMode": "fixedView"},
               "oldMetricValues": false,
               "periodLength": "dashboardTime",
               "refreshContent": {"refreshContent": true},
               "refreshInterval": 300,
               "relationshipMode": {"relationshipMode": 0},
               "resInteractionMode": null,
               "resource": [],
               "roundDecimals": null,
               "selfProvider": {"selfProvider": false},
               "showDT": {"showDT": false},
               "showMetricName": {"showMetricName": true},
               "showMetricUnit": {"showMetricUnit": true},
               "showResourceName": {"showResourceName": false},
               "showSparkline": {"showSparkline": true},
               "title": "Database Scoreboard (for selected Instance)",
               "valueSize": 24,
               "visualTheme": 6
            },
            "gridsterCoords": {
               "h": 3,
               "w": 4,
               "x": 5,
               "y": 7
            },
            "height": 153,
            "id": "c40ffa81-c134-4e36-94f6-38c3f497761f",
            "title": "Database Scoreboard (for selected Instance)",
            "type": "Scoreboard"
         },
         {
            "collapsed": false,
            "config": {
               "boxColumns": 4,
               "boxHeight": null,
               "customFilter": {
                  "excludedResources": null,
                  "filter": [],
                  "includedResources": null
               },
               "depth": 1,
               "labelSize": 16,
               "maxCellCount": 100,
               "metric": {
                  "mode": "resourceKind",
                  "resourceKindMetrics": [
                     {
                        "colorMethod": 2,
                        "handleOldColoring": false,
                        "id": "extModel7504-1",
                        "isStringMetric": false,
                        "label": "",
                        "link": "",
                        "metricKey": "performance|locks|Average-Wait-Time--ms",
                        "metricName": "Performance|Locks|Average Wait Time",
                        "metricUnitId": -1,
                        "orangeBound": null,
                        "redBound": null,
                        "resourceKindId": "resourceKind:id:0_::_",
                        "resourceKindName": "Microsoft SQL Server",
                        "unit": "Auto",
                        "yellowBound": null
                     },
                     {
                        "colorMethod": 2,
                        "handleOldColoring": false,
                        "id": "extModel7504-2",
                        "isStringMetric": false,
                        "label": "",
                        "link": "",
                        "metricKey": "performance|locks|Lock-Requests-sec",
                        "metricName": "Performance|Locks|Lock Requests per second",
                        "metricUnitId": null,
                        "orangeBound": null,
                        "redBound": null,
                        "resourceKindId": "resourceKind:id:0_::_",
                        "resourceKindName": "Microsoft SQL Server",
                        "unit": "",
                        "yellowBound": null
                     },
                     {
                        "colorMethod": 2,
                        "handleOldColoring": false,
                        "id": "extModel7504-3",
                        "isStringMetric": false,
                        "label": "",
                        "link": "",
                        "metricKey": "performance|locks|Lock-Wait-Time--ms",
                        "metricName": "Performance|Locks|Lock Wait Time",
                        "metricUnitId": -1,
                        "orangeBound": null,
                        "redBound": null,
                        "resourceKindId": "resourceKind:id:0_::_",
                        "resourceKindName": "Microsoft SQL Server",
                        "unit": "Auto",
                        "yellowBound": null
                     },
                     {
                        "colorMethod": 2,
                        "handleOldColoring": false,
                        "id": "extModel7504-4",
                        "isStringMetric": false,
                        "label": "",
                        "link": "",
                        "metricKey": "performance|locks|Lock-Waits-sec",
                        "metricName": "Performance|Locks|Lock Waits per second",
                        "metricUnitId": null,
                        "orangeBound": null,
                        "redBound": null,
                        "resourceKindId": "resourceKind:id:0_::_",
                        "resourceKindName": "Microsoft SQL Server",
                        "unit": "",
                        "yellowBound": null
                     }
                  ],
                  "resourceMetrics": [],
                  "subMode": "resourceKindAll"
               },
               "mode": {"layoutMode": "fixedView"},
               "oldMetricValues": false,
               "periodLength": "dashboardTime",
               "refreshContent": {"refreshContent": false},
               "refreshInterval": 300,
               "relationshipMode": {"relationshipMode": 0},
               "resInteractionMode": null,
               "resource": [],
               "roundDecimals": null,
               "selfProvider": {"selfProvider": false},
               "showDT": {"showDT": false},
               "showMetricName": {"showMetricName": true},
               "showMetricUnit": {"showMetricUnit": true},
               "showResourceName": {"showResourceName": false},
               "showSparkline": {"showSparkline": true},
               "title": "Locks Scoreboard (for selected Instance)",
               "valueSize": 24,
               "visualTheme": 6
            },
            "gridsterCoords": {
               "h": 3,
               "w": 4,
               "x": 9,
               "y": 10
            },
            "height": 153,
            "id": "452a3311-98a0-4c45-8667-24579971dc30",
            "title": "Locks Scoreboard (for selected Instance)",
            "type": "Scoreboard"
         },
         {
            "collapsed": false,
            "config": {
               "chartViewItems": [
                  "legend",
                  "labels",
                  "title"
               ],
               "isUpdatedView": true,
               "refreshContent": {"refreshContent": true},
               "refreshInterval": 300,
               "resource": null,
               "selectFirstRow": {"selectFirstRow": false},
               "selfProvider": {"selfProvider": false},
               "title": "Databases (for selected Instance)",
               "traversalSpecId": "",
               "viewDefinitionId": "110e4a88-35f6-4ce6-b2b6-a1201899631f"
            },
            "gridsterCoords": {
               "h": 5,
               "w": 6,
               "x": 1,
               "y": 13
            },
            "height": 267,
            "id": "28e6536f-28fb-4ddb-851a-a1fbb2656814",
            "title": "Databases (for selected Instance)",
            "type": "View"
         },
         {
            "collapsed": false,
            "config": {
               "boxColumns": 3,
               "boxHeight": null,
               "customFilter": {
                  "excludedResources": null,
                  "filter": [],
                  "includedResources": null
               },
               "depth": 1,
               "labelSize": 16,
               "maxCellCount": 100,
               "metric": {
                  "mode": "resourceKind",
                  "resourceKindMetrics": [
                     {
                        "colorMethod": 0,
                        "handleOldColoring": false,
                        "id": "extModel3632-1",
                        "isStringMetric": false,
                        "label": "",
                        "link": "",
                        "metricKey": "performance|accessMethods|Full-Scans-sec",
                        "metricName": "Performance|Access Methods|Full Scans per second",
                        "metricUnitId": null,
                        "orangeBound": 120,
                        "redBound": 180,
                        "resourceKindId": "resourceKind:id:0_::_",
                        "resourceKindName": "Microsoft SQL Server",
                        "unit": "",
                        "yellowBound": 60
                     },
                     {
                        "colorMethod": 0,
                        "handleOldColoring": false,
                        "id": "extModel3632-2",
                        "isStringMetric": false,
                        "label": "",
                        "link": "",
                        "metricKey": "performance|accessMethods|Index-Searches-sec",
                        "metricName": "Performance|Access Methods|Index Searches",
                        "metricUnitId": null,
                        "orangeBound": 1900,
                        "redBound": 2000,
                        "resourceKindId": "resourceKind:id:0_::_",
                        "resourceKindName": "Microsoft SQL Server",
                        "unit": "",
                        "yellowBound": 1800
                     },
                     {
                        "colorMethod": 0,
                        "handleOldColoring": false,
                        "id": "extModel3632-3",
                        "isStringMetric": false,
                        "label": "",
                        "link": "",
                        "metricKey": "performance|accessMethods|Page-Splits-sec",
                        "metricName": "Performance|Access Methods|Page Splits per second",
                        "metricUnitId": null,
                        "orangeBound": 20,
                        "redBound": 25,
                        "resourceKindId": "resourceKind:id:0_::_",
                        "resourceKindName": "Microsoft SQL Server",
                        "unit": "",
                        "yellowBound": 10
                     }
                  ],
                  "resourceMetrics": [],
                  "subMode": "resourceKindAll"
               },
               "mode": {"layoutMode": "fixedView"},
               "oldMetricValues": false,
               "periodLength": "dashboardTime",
               "refreshContent": {"refreshContent": true},
               "refreshInterval": 300,
               "relationshipMode": {"relationshipMode": 0},
               "resInteractionMode": null,
               "resource": [],
               "roundDecimals": null,
               "selfProvider": {"selfProvider": false},
               "showDT": {"showDT": false},
               "showMetricName": {"showMetricName": true},
               "showMetricUnit": {"showMetricUnit": true},
               "showResourceName": {"showResourceName": false},
               "showSparkline": {"showSparkline": true},
               "title": "Access Methods (for selected Instance)",
               "valueSize": 24,
               "visualTheme": 6
            },
            "gridsterCoords": {
               "h": 6,
               "w": 4,
               "x": 5,
               "y": 1
            },
            "height": 324,
            "id": "0bc1d032-c4bc-446b-aba1-ca4bccdc71ee",
            "title": "Access Methods (for selected Instance)",
            "type": "Scoreboard"
         },
         {
            "collapsed": false,
            "config": {
               "boxColumns": 4,
               "boxHeight": null,
               "customFilter": {
                  "excludedResources": null,
                  "filter": [],
                  "includedResources": null
               },
               "depth": 1,
               "labelSize": 16,
               "maxCellCount": 100,
               "metric": {
                  "mode": "resourceKind",
                  "resourceKindMetrics": [
                     {
                        "colorMethod": 2,
                        "handleOldColoring": false,
                        "id": "extModel7233-1",
                        "isStringMetric": false,
                        "label": "",
                        "link": "",
                        "metricKey": "performance|transactions|Free-Space-in-tempdb--KB",
                        "metricName": "Performance|Transactions|Free Space in tempdb",
                        "metricUnitId": "mb",
                        "orangeBound": null,
                        "redBound": null,
                        "resourceKindId": "resourceKind:id:0_::_",
                        "resourceKindName": "Microsoft SQL Server",
                        "unit": "MB",
                        "yellowBound": null
                     },
                     {
                        "colorMethod": 2,
                        "handleOldColoring": false,
                        "id": "extModel7233-2",
                        "isStringMetric": false,
                        "label": "",
                        "link": "",
                        "metricKey": "performance|transactions|Transactions",
                        "metricName": "Performance|Transactions|Transactions",
                        "metricUnitId": null,
                        "orangeBound": null,
                        "redBound": null,
                        "resourceKindId": "resourceKind:id:0_::_",
                        "resourceKindName": "Microsoft SQL Server",
                        "unit": "",
                        "yellowBound": null
                     },
                     {
                        "colorMethod": 2,
                        "handleOldColoring": false,
                        "id": "extModel7233-3",
                        "isStringMetric": false,
                        "label": "",
                        "link": "",
                        "metricKey": "waitStats:Total|Wait-tasks",
                        "metricName": "Wait Stats:Total|Number of Waiting tasks",
                        "metricUnitId": "sec",
                        "orangeBound": null,
                        "redBound": null,
                        "resourceKindId": "resourceKind:id:0_::_",
                        "resourceKindName": "Microsoft SQL Server",
                        "unit": "Second(s)",
                        "yellowBound": null
                     },
                     {
                        "colorMethod": 2,
                        "handleOldColoring": false,
                        "id": "extModel7233-4",
                        "isStringMetric": false,
                        "label": "",
                        "link": "",
                        "metricKey": "waitStats:Total|Wait-time--ms",
                        "metricName": "Wait Stats:Total|Wait Time",
                        "metricUnitId": "min",
                        "orangeBound": null,
                        "redBound": null,
                        "resourceKindId": "resourceKind:id:0_::_",
                        "resourceKindName": "Microsoft SQL Server",
                        "unit": "Minute(s)",
                        "yellowBound": null
                     }
                  ],
                  "resourceMetrics": [],
                  "subMode": "resourceKindAll"
               },
               "mode": {"layoutMode": "fixedView"},
               "oldMetricValues": false,
               "periodLength": "dashboardTime",
               "refreshContent": {"refreshContent": true},
               "refreshInterval": 300,
               "relationshipMode": {"relationshipMode": 0},
               "resInteractionMode": null,
               "resource": [],
               "roundDecimals": 1,
               "selfProvider": {"selfProvider": false},
               "showDT": {"showDT": false},
               "showMetricName": {"showMetricName": true},
               "showMetricUnit": {"showMetricUnit": true},
               "showResourceName": {"showResourceName": false},
               "showSparkline": {"showSparkline": true},
               "title": "Transactions and Wait Stats (for selected Instance)",
               "valueSize": 24,
               "visualTheme": 6
            },
            "gridsterCoords": {
               "h": 3,
               "w": 4,
               "x": 5,
               "y": 10
            },
            "height": 153,
            "id": "30a6baf0-0aea-4d62-a5bf-ecd27baa8293",
            "title": "Transactions and Wait Stats (for selected Instance)",
            "type": "Scoreboard"
         },
         {
            "collapsed": false,
            "config": {
               "locationFile": "",
               "locationUrl": "https://docs.vmware.com/en/vRealize-Operations-Manager/8.4/com.vmware.vcom.core.doc/GUID-78C104D1-CABF-44FB-9AFD-695FA3CA1514.html",
               "refreshContent": {"refreshContent": false},
               "refreshInterval": 300,
               "title": "MSSQL Metrics captured by Telegraf Agent",
               "viewModeHTML": true
            },
            "gridsterCoords": {
               "h": 10,
               "w": 12,
               "x": 1,
               "y": 18
            },
            "height": 551,
            "id": "a2c244d6-552e-4734-a748-2ff77fe9eeba",
            "title": "MSSQL Metrics captured by Telegraf Agent",
            "type": "TextDisplay"
         }
      ]
   }],
   "entries": {
      "resource": [{
         "adapterKindKey": "Container",
         "identifiers": [],
         "internalId": "resource:id:0_::_",
         "name": "MSSQL Servers- Telegraf",
         "resourceKindKey": "Environment"
      }],
      "resourceKind": [{
         "adapterKindKey": "APPOSUCP",
         "internalId": "resourceKind:id:0_::_",
         "resourceKindKey": "mssql"
      }]
   },
   "uuid": "959a92a7-33a8-42d1-b238-7a84721f7595"
}